"WBW-DC-NBDD-02,15 Seconds to Curtain (WBW-DC-NBDD-02),2,1,Forgotten Realms,https://www.dmsguild.com/product/407458/15-Seconds-to-Curtain-WBWDCNBDD02?filters=0_0_100057_0_0_0_0_0"
"SJ-DC-TKM-CH02,A Final Farewell (SJ-DC-TKM-CH02),2,,Forgotten Realms,https://www.dmsguild.com/product/461922/A-Final-Farewell-SJDCTKMCH02?filters=0_0_100057_0_0_0_0_0"
"WBW-DC-FDC-07,A Meal to Remember (WBW-DC-FDC-07),2,,Forgotten Realms,https://www.dmsguild.com/product/371499/A-Meal-to-Remember-WBWDCFDC07?filters=0_0_100057_0_0_0_0_0"
"WBW-DC-PHP-LCL,A Mystical Whimsy (WBW-DC-PHP-LCL 02),2,2,Forgotten Realms,https://www.dmsguild.com/product/408427/A-Mystical-Whimsy-WBWDCPHPLCL-02?filters=0_0_100057_0_0_0_0_0"
"SJ-DC-TKM-CH01,A Proper Farewell (SJ-DC-TKM-CH01),2,,Forgotten Realms,https://www.dmsguild.com/product/443050/A-Proper-Farewell-SJDCTKMCH01?filters=0_0_100057_0_0_0_0_0"
"SJ-DC-MB06-ATFT,A Taste For Trouble SJ-DC-MB06-ATFT,2,1,Forgotten Realms,https://www.dmsguild.com/product/449776/A-Taste-For-Trouble-SJDCMB06ATFT?filters=45470_0_0_0_0_0"
"SJ-DC-PHP-FLN02-01,Away We Go (SJ-DC-PHP-FLN02-01),2,1,Forgotten Realms,https://www.dmsguild.com/product/461673/Away-We-Go-SJDCPHPFLN0201?filters=0_0_100057_0_0_0_0_0"
"SJ-DC-BAD-01,Bad Omen (SJ-DC-BAD-01),2,1,Forgotten Realms,https://www.dmsguild.com/product/451742/Bad-Omen-SJDCBAD01?filters=0_0_100057_0_0_0_0_0"
"SJ-DC-BST-04,Blasted (SJ-DC-BST-04),2,2,Forgotten Realms,https://www.dmsguild.com/product/452614/Blasted-SJDCBST04?filters=0_0_100057_0_0_0_0_0"
"FR-DC-MELB-01-05,Book of Wild Magic (FR-DC-MELB-01-05),2,2,Forgotten Realms,https://www.dmsguild.com/product/492295/Book-of-Wild-Magic-FRDCMELB0105?filters=0_0_100057_0_0_0_0_0"
"WBW-DC-TMP-01,Buck Wild! (WBW-DC-TMP-01),2,1,Forgotten Realms,https://www.dmsguild.com/product/406987/Buck-Wild-WBWDCTMP01?filters=0_0_100057_0_0_0_0_0"
"WBW-DC-TMP-02,Bucking the Trend (WBW-DC-TMP-02),2,2,Forgotten Realms,https://www.dmsguild.com/product/407534/Bucking-the-Trend-WBWDCTMP02?filters=0_0_100057_0_0_0_0_0"
"PS-DC-CAKE-01,CAKE WARS (PS-DC-CAKE-01),2,1,Forgotten Realms,https://www.dmsguild.com/product/489416/CAKE-WARS-PSDCCAKE01?filters=45470_0_0_0_0_0_0_0"
"CCC-ANIME-1-1,CCC - Anime - 1-1 Legend of the Sword Bandit Surprise,2,,Forgotten Realms,https://www.dmsguild.com/product/236786/CCC--Anime--11-Legend-of-the-Sword-Bandit-Surprise?filters=45470_0_0_0_0_0_0_0"
"CCC-ANIME-1-2,CCC - Anime - 1-2 Let's Find the Sword, GO!,2,,Forgotten Realms,https://www.dmsguild.com/product/236787/CCC--Anime--12-Lets-Find-the-Sword-GO?filters=45470_0_0_0_0_0_0_0"
"CCC-ANIME-1-3,CCC - Anime - 1-3 Star Sword Return,2,,Forgotten Realms,https://www.dmsguild.com/product/236788/CCC--Anime--13-Star-Sword-Return?filters=45470_0_0_0_0_0_0_0"
"CCC-SQC-03-02,CCC - SQC - 03-02 Shiitake,2,2,Forgotten Realms,https://www.dmsguild.com/product/295790/CCC--SQC--0302-Shiitake?filters=45470_0_0_0_0_0_0_0"
"CCC-AETHER-01-01,CCC-AETHER-01-01 The Heir of Orcus: Verse I,2,1,Forgotten Realms,https://www.dmsguild.com/product/258606/CCCAETHER0101-The-Heir-of-Orcus-Verse-I?filters=45470_0_0_0_0_0_0_0"
"CCC-AETHER-02-03,CCC-AETHER-02-03 One Step Ahead,2,1,Forgotten Realms,https://www.dmsguild.com/product/334544/CCCAETHER0203-One-Step-Ahead?filters=45470_0_0_0_0_0_0_0"
"CCC-ARCANA-01,CCC-ARCANA-01 The Phantom Pursuit,2,1,Forgotten Realms,https://www.dmsguild.com/product/334713/CCCARCANA01-The-Phantom-Pursuit?filters=45470_0_0_0_0_0_0_0"
"CCC-ARCANA-02,CCC-ARCANA-02 Seclusion,2,1,Forgotten Realms,https://www.dmsguild.com/product/334689/CCCARCANA02-Seclusion?filters=45470_0_0_0_0_0_0_0"
"CCC-ARCON01-01,CCC-ARCON01-01 - Forest Song,2,1,Forgotten Realms,https://www.dmsguild.com/product/334613/CCCARCON0101--Forest-Song?filters=45470_0_0_0_0_0_0_0"
"CCC-ARCON01-02,CCC-ARCON01-02 - A Whale of a Tale,2,1,Forgotten Realms,https://www.dmsguild.com/product/334674/CCCARCON0102--A-Whale-of-a-Tale?filters=45470_0_0_0_0_0_0_0"
"CCC-ARCON01-03,CCC-ARCON01-03 - Pharmacist Wanted,2,1,Forgotten Realms,https://www.dmsguild.com/product/334450/CCCARCON0103--Pharmacist-Wanted?filters=45470_0_0_0_0_0_0_0"
"CCC-AWE-01-02,CCC-AWE-01-02 The Chi Directive,2,,Forgotten Realms,https://www.dmsguild.com/product/320477/CCCAWE0102-The-Chi-Directive"
"CCC-BFG01-01,CCC-BFG01-01 A House Divided,2,,Forgotten Realms,https://www.dmsguild.com/product/322127/CCCBFG0101-A-House-Divided?filters=45470_0_0_0_0_0_0_0"
"CCC-BFG01-02-,CCC-BFG01-02: Secrets of the Moon,2,,Forgotten Realms,https://www.dmsguild.com/product/322163/CCCBFG0102-Secrets-of-the-Moon?filters=45470_0_0_0_0_0_0_0"
"CCC-BFG01-03,CCC-BFG01-03 Dark Moon Return,2,,Forgotten Realms,https://www.dmsguild.com/product/321328/CCCBFG0103-Dark-Moon-Return?filters=45470_0_0_0_0_0_0_0"
"CCC-BLD,CCC-BLD 1-1 Bleeding Gate: Pandemonium,2,,Forgotten Realms,https://www.dmsguild.com/product/218024/CCCBLD-11-Bleeding-Gate-Pandemonium?filters=45470_0_0_0_0_0_0_0"
"CCC-BLD,CCC-BLD 1-2 Bleeding Gate: Amalgamation,2,1,Forgotten Realms,https://www.dmsguild.com/product/218099/CCCBLD-12-Bleeding-Gate-Amalgamation?filters=45470_0_0_0_0_0_0_0"
"CCC-BMG-MOON1-2,CCC-BMG-MOON1-2 Mind the Missive,2,1,Forgotten Realms,https://www.dmsguild.com/product/415191/CCCBMGMOON12-Mind-the-Missive?filters=45470_0_0_0_0_0"
"CCC-BMG-MOON1-3,CCC-BMG-MOON1-3 Heritage vs Kinship,2,1,Forgotten Realms,https://www.dmsguild.com/product/415197/CCCBMGMOON13-Heritage-vs-Kinship?filters=45470_0_0_0_0_0"
"CCC-BMG-MOON1-4,CCC-BMG-MOON1-4 The Bravest of West Breasal,2,1,Forgotten Realms,https://www.dmsguild.com/product/415198/CCCBMGMOON14-The-Bravest-of-West-Breasal?filters=45470_0_0_0_0_0"
"CCC-BMG-MOON1-5,CCC-BMG-MOON1-5 The Wilderness Calls,2,1,Forgotten Realms,https://www.dmsguild.com/product/415202/CCCBMGMOON15-The-Wilderness-Calls?filters=45470_0_0_0_0_0"
"CCC-BWM-005,CCC-BWM-005 Chasing Madness,2,2,Forgotten Realms,https://www.dmsguild.com/product/279463/CCCBWM005-Chasing-Madness"
"CCC-CENTRIC,CCC-CENTRIC 01-02 Road to Reconciliation,2,1,Forgotten Realms,https://www.dmsguild.com/product/321273/CCCCENTRIC-0102-Road-to-Reconciliation?filters=45470_0_0_0_0_0_0_0"
"CCC-CENTRIC01-03,CCC-CENTRIC01-03    The Patchwork Tower,2,1,Forgotten Realms,https://www.dmsguild.com/product/322508/CCCCENTRIC0103----The-Patchwork-Tower"
"CCC-CONMAR01-01,CCC-CONMAR01-01 Helping Hands,2,,Forgotten Realms,https://www.dmsguild.com/product/334449/CCCCONMAR0101-Helping-Hands"
"CCC-COTN-01-01-BY,CCC-COTN-01-01-By The Seashore: A Red War Tale,2,,Forgotten Realms,https://www.dmsguild.com/product/267847/CCCCOTN0101By-The-Seashore-A-Red-War-Tale"
"CCC-DES-01-03,CCC-DES-01-03 A Question Never Asked,2,2,Forgotten Realms,https://www.dmsguild.com/product/298056/CCCDES0103-A-Question-Never-Asked"
"CCC-DES-01-04,CCC-DES-01-04 An Answer Never Offered,2,2,Forgotten Realms,https://www.dmsguild.com/product/298041/CCCDES0104-An-Answer-Never-Offered?filters=45470_0_0_0_0_0_0_0"
"CCC-DES-01-05,CCC-DES-01-05 The Die is Cast,2,2,Forgotten Realms,https://www.dmsguild.com/product/297616/CCCDES0105-The-Die-is-Cast"
"CCC-DES-02-01,CCC-DES-02-01 Those Who Are Eaten,2,1,Forgotten Realms,https://www.dmsguild.com/product/307309/CCCDES0201-Those-Who-Are-Eaten"
"CCC-DES-02-02,CCC-DES-02-02 On a Six-Fingered Trail,2,1,Forgotten Realms,https://www.dmsguild.com/product/307311/CCCDES0202-On-a-SixFingered-Trail"
"CCC-DES-02-03,CCC-DES-02-03 Those Who Eat,2,1,Forgotten Realms,https://www.dmsguild.com/product/307312/CCCDES0203-Those-Who-Eat"
"CCC-DWB-ACM-1,CCC-DWB-ACM-1 A Colossal Mess,2,,Forgotten Realms,https://www.dmsguild.com/product/340593/CCCDWBACM1-A-Colossal-Mess?filters=45470_0_0_0_0_0_0_0"
"CCC-DWB-AF-1,CCC-DWB-AF-1 Adventuring Fates,2,,Forgotten Realms,https://www.dmsguild.com/product/340992/CCCDWBAF1-Adventuring-Fates?filters=45470_0_0_0_0_0_0_0"
"CCC-DWB-CW-01,CCC-DWB-CW-01 The Clockwork Caravan,2,1,Forgotten Realms,https://www.dmsguild.com/product/301901/CCCDWBCW01-The-Clockwork-Caravan"
"CCC-DWB-DFT-1,CCC-DWB-DFT-1 Digging For Trouble,2,,Forgotten Realms,https://www.dmsguild.com/product/341466/CCCDWBDFT1-Digging-For-Trouble?filters=45470_0_0_0_0_0_0_0"
"CCC-DWB-EOG-1,CCC-DWB-EoG-1 The Enemy of Greed,2,,Forgotten Realms,https://www.dmsguild.com/product/340596/CCCDWBEoG1-The-Enemy-of-Greed"
"CCC-DWB-ESR-01,CCC-DWB-ESR-01 An Enchanting Shade of Red,2,,Forgotten Realms,https://www.dmsguild.com/product/301899/CCCDWBESR01-An-Enchanting-Shade-of-Red"
"CCC-DWB-Q01,CCC-DWB-Q01 Quarantine,2,,Forgotten Realms,https://www.dmsguild.com/product/301902/CCCDWBQ01-Quarantine"
"CCC-DWB-TLA-1,CCC-DWB-TLA-1 The Lakebed Archive,2,1,Forgotten Realms,https://www.dmsguild.com/product/340594/CCCDWBTLA1-The-Lakebed-Archive?filters=45470_0_0_0_0_0_0_0"
"CCC-DWB-TMG-1,CCC-DWB-TMG-1 The Mournful Golem,2,1,Forgotten Realms,https://www.dmsguild.com/product/340996/CCCDWBTMG1-The-Mournful-Golem?filters=45470_0_0_0_0_0_0_0"
"CCC-ELF,CCC-ELF 03-02 Echoes of Rage,2,2,Forgotten Realms,https://www.dmsguild.com/product/299501/CCCELF-0302-Echoes-of-Rage?filters=45470_0_0_0_0_0_0_0"
"CCC-FXC-01,CCC-FXC-01 - Nothing Happens in Elmwood,2,1,Forgotten Realms,https://www.dmsguild.com/product/250362/CCCFXC01--Nothing-Happens-in-Elmwood?filters=45470_0_0_0_0_0_0_0"
"CCC-GAD01-01,CCC-GAD01-01 Broken Blade,2,,Forgotten Realms,https://www.dmsguild.com/product/270401/CCCGAD0101-Broken-Blade?filters=45470_0_0_0_0_0_0_0"
"CCC-GAD01-02,CCC-GAD01-02 Red War: Black Phoenix,2,,Forgotten Realms,https://www.dmsguild.com/product/270904/CCCGAD0102-Red-War-Black-Phoenix?filters=45470_0_0_0_0_0_0_0"
"CCC-GAD02-01,CCC-GAD02-01 The Monster Within,2,,Forgotten Realms,https://www.dmsguild.com/product/315751/CCCGAD0201-The-Monster-Within?filters=45470_0_0_0_0_0_0_0"
"CCC-GARY-06-,CCC-GARY-06: The Death Beneath the Roots,2,,Forgotten Realms,https://www.dmsguild.com/product/238356/CCCGARY06-The-Death-Beneath-the-Roots?filters=45470_0_0_0_0_0_0_0"
"CCC-GEL-01,CCC-GEL-01 Bedlam at the Benefit,2,,Forgotten Realms,https://www.dmsguild.com/product/237193/CCCGEL01-Bedlam-at-the-Benefit?filters=45470_0_0_0_0_0_0_0"
"CCC-GHC-BK03-01,CCC-GHC-BK03-01 Assassination in Oeble,2,,Forgotten Realms,https://www.dmsguild.com/product/344627/CCCGHCBK0301-Assassination-in-Oeble?filters=45470_0_0_0_0_0_0_0"
"CCC-GHC-BK03-05,CCC-GHC-BK03-05 Duskwood Wild Magic Pools,2,,Forgotten Realms,https://www.dmsguild.com/product/344630/CCCGHCBK0305-Duskwood-Wild-Magic-Pools?filters=45470_0_0_0_0_0_0_0"
"CCC-GHC-BK1-01,CCC-GHC-BK1-01 Into the Border Kingdoms,2,,Forgotten Realms,https://www.dmsguild.com/product/260870/CCCGHCBK101-Into-the-Border-Kingdoms?filters=45470_0_0_0_0_0_0_0"
"CCC-GHC-BK1-06,CCC-GHC-BK1-06 Legacy and Virtue,2,1,Forgotten Realms,https://www.dmsguild.com/product/260876/CCCGHCBK106-Legacy-and-Virtue?filters=45470_0_0_0_0_0_0_0"
"CCC-GHC-BK1-07,CCC-GHC-BK1-07 The Peculiar Case of the Selptan Felines,2,1,Forgotten Realms,https://www.dmsguild.com/product/260877/CCCGHCBK107-The-Peculiar-Case-of-the-Selptan-Felines?filters=45470_0_0_0_0_0_0_0"
"CCC-GHC-BK1-08,CCC-GHC-BK1-08 The Hunt for Cutter Jack,2,1,Forgotten Realms,https://www.dmsguild.com/product/260878/CCCGHCBK108-The-Hunt-for-Cutter-Jack"
"CCC-GHC-BK1-09,CCC-GHC-BK1-09 Scavengers,2,1,Forgotten Realms,https://www.dmsguild.com/product/260879/CCCGHCBK109-Scavengers?filters=45470_0_0_0_0_0_0_0"
"CCC-GHC-BK2-10,CCC-GHC-BK2-10 Into the Dark, Black Forest,2,,Forgotten Realms,https://www.dmsguild.com/product/340685/CCCGHCBK210-Into-the-Dark-Black-Forest?filters=45470_0_0_0_0_0_0_0"
"CCC-GLIP-01-01,CCC-GLIP-01-01 Glip Dak,2,1,Forgotten Realms,https://www.dmsguild.com/product/249542/CCCGLIP0101-Glip-Dak?filters=45470_0_0_0_0_0_0_0"
"CCC-GLIP-01-02,CCC-GLIP-01-02 Beneath Glip Dak,2,1,Forgotten Realms,https://www.dmsguild.com/product/249541/CCCGLIP0102-Beneath-Glip-Dak?filters=45470_0_0_0_0_0_0_0"
"CCC-GLIP-02-01,CCC-GLIP-02-01 Blue Scales,2,2,Forgotten Realms,https://www.dmsguild.com/product/257866/CCCGLIP0201-Blue-Scales?filters=45470_0_0_0_0_0_0_0"
"CCC-GSP-03-01,CCC-GSP-03-01,2,,Forgotten Realms,https://www.dmsguild.com/product/341795/CCCGSP0301?filters=45470_0_0_0_0_0_0_0"
"CCC-GSP-FEAR01-01,CCC-GSP-FEAR01-01 Beneath the Bleeding Tree,2,1,Forgotten Realms,https://www.dmsguild.com/product/285712/CCCGSPFEAR0101-Beneath-the-Bleeding-Tree?filters=45470_0_0_0_0_0_0_0"
"CCC-GSP-NTHR01-01,CCC-GSP-NTHR01-01 A Night of Sorrows,2,3,Forgotten Realms,https://www.dmsguild.com/product/285722/CCCGSPNTHR0101-A-Night-of-Sorrows?filters=45470_0_0_0_0_0_0_0"
"CCC-GSP-OOZE01-01-OOZING-HUNGER,CCC-GSP-OOZE01-01-Oozing-Hunger,2,2,Forgotten Realms,https://www.dmsguild.com/product/285730/CCCGSPOOZE0101OozingHunger?filters=45470_0_0_0_0_0_0_0"
"CCC-GSP-PHIL01-03,CCC-GSP-PHIL01-03 The Whispering Shadows of the Eldest Ruin,2,1,Forgotten Realms,https://www.dmsguild.com/product/285849/CCCGSPPHIL0103-The-Whispering-Shadows-of-the-Eldest-Ruin?filters=45470_0_0_0_0_0_0_0"
"CCC-GSP04-01,CCC-GSP04-01 Devil King High School: Year One,2,,Forgotten Realms,https://www.dmsguild.com/product/336048/CCCGSP0401-Devil-King-High-School-Year-One?filters=45470_0_0_0_0_0_0_0"
"CCC-HERO-BK-02-01,CCC-HERO-BK-02-01 Riders of the Storm,2,1,Forgotten Realms,https://www.dmsguild.com/product/308334/CCCHEROBK0201-Riders-of-the-Storm?filters=45470_0_0_0_0_0_0_0"
"CCC-HERO-BK-02-02,CCC-HERO-BK-02-02 Flight of the Wyvern,2,2,Forgotten Realms,https://www.dmsguild.com/product/308336/CCCHEROBK0202-Flight-of-the-Wyvern?filters=45470_0_0_0_0_0_0_0"
"CCC-HERO-BK-02-05,CCC-HERO-BK-02-05 Morsels for the Monstrosity,2,1,Forgotten Realms,https://www.dmsguild.com/product/308343/CCCHEROBK0205-Morsels-for-the-Monstrosity?filters=45470_0_0_0_0_0_0_0"
"CCC-KKALGO-02-01,CCC-KKALGO-02-01 HONEYBEE MAYHEM,2,1,Forgotten Realms,https://www.dmsguild.com/product/325998/CCCKKALGO0201-HONEYBEE-MAYHEM?filters=45470_0_0_0_0_0_0_0"
"CCC-KUMORI-01-01,CCC-KUMORI-01-01  Wreckers,2,,Forgotten Realms,https://www.dmsguild.com/product/226912/CCCKUMORI0101--Wreckers?filters=45470_0_0_0_0_0_0_0"
"CCC-KUMORI-01-02,CCC-KUMORI-01-02 Wretches,2,,Forgotten Realms,https://www.dmsguild.com/product/226911/CCCKUMORI0102-Wretches?filters=45470_0_0_0_0_0_0_0"
"CCC-KUMORI-02-01,CCC-KUMORI-02-01 Vacant,2,,Forgotten Realms,https://www.dmsguild.com/product/264732/CCCKUMORI0201-Vacant"
"CCC-KUMORI-02-04,CCC-KUMORI-02-04 To Be the Very Best,2,,Forgotten Realms,https://www.dmsguild.com/product/259775/CCCKUMORI0204-To-Be-the-Very-Best"
"CCC-KUMORI-03-01,CCC-KUMORI-03-01 Protégé of the Trampling Forest,2,,Forgotten Realms,https://www.dmsguild.com/product/308848/CCCKUMORI0301-Protege-of-the-Trampling-Forest?filters=45470_0_0_0_0_0_0_0"
"CCC-KUMORI-03-03,CCC-KUMORI-03-03 Scales of Justice: A Moonsea Adventure,2,1,Forgotten Realms,https://www.dmsguild.com/product/299369/CCCKUMORI0303-Scales-of-Justice-A-Moonsea-Adventure?filters=45470_0_0_0_0_0_0_0"
"CCC-MAG01-02,CCC-MAG01-02 Murder at the Festival!,2,1,Forgotten Realms,https://www.dmsguild.com/product/320871/CCCMAG0102-Murder-at-the-Festival?filters=45470_0_0_0_0_0_0_0"
"CCC-MAYDAYS-01,CCC-MAYDAYS-01 The Bandit's Mark,2,1,Forgotten Realms,https://www.dmsguild.com/product/318715/CCCMAYDAYS01-The-Bandits-Mark"
"CCC-MCX-01,CCC-MCX-01 All in a Day’s Work,2,1,Forgotten Realms,https://www.dmsguild.com/product/257386/CCCMCX01-All-in-a-Days-Work?filters=45470_0_0_0_0_0_0_0"
"CCC-MELB-02,CCC-MELB-02 The Sunken Sepulcher,2,1,Forgotten Realms,https://www.dmsguild.com/product/322502/CCCMELB02-The-Sunken-Sepulcher"
"CCC-MMT,CCC-MMT 01-01: Secrets of Imaginary Friends,2,1,Forgotten Realms,https://www.dmsguild.com/product/279110/CCCMMT-0101-Secrets-of-Imaginary-Friends?filters=45470_0_0_0_0_0_0_0"
"CCC-MMT,CCC-MMT 01-02: A Little Competition Never Hurt Anyone,2,1,Forgotten Realms,https://www.dmsguild.com/product/294627/CCCMMT-0102-A-Little-Competition-Never-Hurt-Anyone?filters=45470_0_0_0_0_0_0_0"
"CCC-MMT,CCC-MMT 01-03: Honorable Dissent - A Price of the Red War Adventure,2,1,Forgotten Realms,https://www.dmsguild.com/product/295871/CCCMMT-0103-Honorable-Dissent--A-Price-of-the-Red-War-Adventure?filters=45470_0_0_0_0_0_0_0"
"CCC-MMT,CCC-MMT 01-05: Secrets of the Cure,2,1,Forgotten Realms,https://www.dmsguild.com/product/309003/CCCMMT-0105-Secrets-of-the-Cure?filters=45470_0_0_0_0_0_0_0"
"CCC-MMT,CCC-MMT 02-01: The Stuff of Memories,2,2,Forgotten Realms,https://www.dmsguild.com/product/279118/CCCMMT-0201-The-Stuff-of-Memories?filters=45470_0_0_0_0_0_0_0"
"CCC-NBDD01-01,CCC-NBDD01-01 Clever,2,2,Forgotten Realms,https://www.dmsguild.com/product/275196/CCCNBDD0101-Clever?filters=45470_0_0_0_0_0_0_0"
"CCC-NUKE-01-03,CCC-NUKE-01-03, \"The Gift of Arvandor\",2,,Forgotten Realms,https://www.dmsguild.com/product/293948/CCCNUKE0103-The-Gift-of-Arvandor"
"CCC-NUKE-02-01,CCC-NUKE-02-01 \"One Fowl Soup\",2,,Forgotten Realms,https://www.dmsguild.com/product/334537/CCCNUKE0201-One-Fowl-Soup?filters=45470_0_0_0_0_0_0_0"
"CCC-OCC-02,CCC-OCC-02 Feast of the Moon,2,1,Forgotten Realms,https://www.dmsguild.com/product/265961/CCCOCC02-Feast-of-the-Moon?filters=45470_0_0_0_0_0_0_0"
"CCC-ODFC03-02,CCC-ODFC03-02 Orchestration of Havoc,2,2,Forgotten Realms,https://www.dmsguild.com/product/308175/CCCODFC0302-Orchestration-of-Havoc"
"CCC-ODFC04-01,CCC-ODFC04-01 The Cause of All Life’s Problems,2,,Forgotten Realms,https://www.dmsguild.com/product/320479/CCCODFC0401-The-Cause-of-All-Lifes-Problems"
"CCC-PDXAGE-01-01,CCC-PDXAGE-01-01 The White Well,2,,Forgotten Realms,https://www.dmsguild.com/product/214453/CCCPDXAGE0101-The-White-Well?filters=45470_0_0_0_0_0_0_0"
"CCC-PDXAGE-02-01,CCC-PDXAGE-02-01 The Dark Hunt,2,,Forgotten Realms,https://www.dmsguild.com/product/214451/CCCPDXAGE0201-The-Dark-Hunt?filters=45470_0_0_0_0_0_0_0"
"CCC-PP-TDD01-01,CCC-PP-TDD01-01 Trouble Under Winton,2,,Forgotten Realms,https://www.dmsguild.com/product/256228/CCCPPTDD0101-Trouble-Under-Winton?filters=45470_0_0_0_0_0_0_0"
"CCC-PRETZ-PLA01,CCC-PRETZ-PLA01 The Mystery at Coppertop Manor,2,1,Forgotten Realms,https://www.dmsguild.com/product/277524/CCCPRETZPLA01-The-Mystery-at-Coppertop-Manor?filters=45470_0_0_0_0_0_0_0"
"CCC-PRETZ-PLA02,CCC-PRETZ-PLA02 A Mine of Their Own,2,1,Forgotten Realms,https://www.dmsguild.com/product/277526/CCCPRETZPLA02-A-Mine-of-Their-Own"
"CCC-PRIORY-01,CCC-PRIORY-01 Maritime Mayhem,2,,Forgotten Realms,https://www.dmsguild.com/product/240922/CCCPRIORY01-Maritime-Mayhem"
"CCC-PRIORY-02,CCC-PRIORY-02 Prison Pitfalls,2,,Forgotten Realms,https://www.dmsguild.com/product/240924/CCCPRIORY02-Prison-Pitfalls"
"CCC-PRIORY-03,CCC-PRIORY-03 Truths in Time,2,,Forgotten Realms,https://www.dmsguild.com/product/240925/CCCPRIORY03-Truths-in-Time"
"CCC-PSA-01,CCC-PSA-01 In the Darkest of Times,2,1,Forgotten Realms,https://www.dmsguild.com/product/340804/CCCPSA01-In-the-Darkest-of-Times?filters=45470_0_0_0_0_0_0_0"
"CCC-QCC2018-01,CCC-QCC2018-01 Of Gods and Monsters,2,,Forgotten Realms,https://www.dmsguild.com/product/252176/CCCQCC201801-Of-Gods-and-Monsters?filters=45470_0_0_0_0_0_0_0"
"CCC-QCC2018-02,CCC-QCC2018-02 Heart and Soul,2,,Forgotten Realms,https://www.dmsguild.com/product/252178/CCCQCC201802-Heart-and-Soul?filters=45470_0_0_0_0_0_0_0"
"CCC-QCC2019-01,CCC-QCC2019-01 Hillsfar's Rancid Webs,2,1,Forgotten Realms,https://www.dmsguild.com/product/282851/CCCQCC201901-Hillsfars-Rancid-Webs"
"CCC-QCC2019-02,CCC-QCC2019-02 Hag of Tricks,2,2,Forgotten Realms,https://www.dmsguild.com/product/282984/CCCQCC201902-Hag-of-Tricks"
"CCC-RCC-01-01,CCC-RCC-01-01 Flight of the Forgemage,2,,Forgotten Realms,https://www.dmsguild.com/product/299975/CCCRCC0101-Flight-of-the-Forgemage?filters=45470_0_0_0_0_0_0_0"
"CCC-RCC-01-02,CCC-RCC-01-02 The King of Thar,2,,Forgotten Realms,https://www.dmsguild.com/product/299976/CCCRCC0102-The-King-of-Thar?filters=45470_0_0_0_0_0_0_0"
"CCC-RCC-01-03,CCC-RCC-01-03 Chains of Desperation,2,,Forgotten Realms,https://www.dmsguild.com/product/299977/CCCRCC0103-Chains-of-Desperation?filters=45470_0_0_0_0_0_0_0"
"CCC-RCC-01-04,CCC-RCC-01-04 Black Bliss,2,,Forgotten Realms,https://www.dmsguild.com/product/299978/CCCRCC0104-Black-Bliss?filters=45470_0_0_0_0_0_0_0"
"CCC-RPSG-02,CCC-RPSG-02 Ooze Next?,2,2,Forgotten Realms,https://www.dmsguild.com/product/306869/CCCRPSG02-Ooze-Next?filters=45470_0_0_0_0_0_0_0"
"CCC-RPSG-05,CCC-RPSG-05 Through the Ashes and Flames,2,1,Forgotten Realms,https://www.dmsguild.com/product/341670/CCCRPSG05-Through-the-Ashes-and-Flames?filters=45470_0_0_0_0_0_0_0"
"CCC-RPSG-06,CCC-RPSG-06 Of Caravans and Crossings,2,1,Forgotten Realms,https://www.dmsguild.com/product/341677/CCCRPSG06-Of-Caravans-and-Crossings?filters=45470_0_0_0_0_0_0_0"
"CCC-SAC-03,CCC-SAC-03 They're Good Adventurers, Brent,2,1,Forgotten Realms,https://www.dmsguild.com/product/307705/CCCSAC03-Theyre-Good-Adventurers-Brent?filters=45470_0_0_0_0_0_0_0"
"CCC-SALT-01-01,CCC-SALT-01-01 Rumors of Riches,2,,Forgotten Realms,https://www.dmsguild.com/product/210440/CCCSALT0101-Rumors-of-Riches?filters=45470_0_0_0_0_0_0_0"
"CCC-SALT-01-02,CCC-SALT-01-02 Moor Trouble,2,,Forgotten Realms,https://www.dmsguild.com/product/210443/CCCSALT0102-Moor-Trouble?filters=45470_0_0_0_0_0_0_0"
"CCC-SCAR01-01,CCC-SCAR01-01 Corrupted Artery,2,,Forgotten Realms,https://www.dmsguild.com/product/237410/CCCSCAR0101-Corrupted-Artery?filters=45470_0_0_0_0_0_0_0"
"CCC-SCAR03-01,CCC-SCAR03-01 Devotees of the Dagger,2,1,Forgotten Realms,https://www.dmsguild.com/product/317737/CCCSCAR0301-Devotees-of-the-Dagger?filters=45470_0_0_0_0_0_0_0"
"CCC-SEA-01-01,CCC-SEA-01-01 All Good Dead Men,2,1,Forgotten Realms,https://www.dmsguild.com/product/321022/CCCSEA0101-All-Good-Dead-Men?filters=45470_0_0_0_0_0_0_0"
"CCC-SEA-01-02,CCC-SEA-01-02 Oh, Not the Bees!,2,2,Forgotten Realms,https://www.dmsguild.com/product/321024/CCCSEA0102-Oh-Not-the-Bees?filters=45470_0_0_0_0_0_0_0"
"CCC-SFBAY-04-02,CCC-SFBAY-04-02 Under Earth & Stone,2,,Forgotten Realms,https://www.dmsguild.com/product/232428/CCCSFBAY0402-Under-Earth--Stone?filters=45470_0_0_0_0_0_0_0"
"CCC-SFBAY-04-03,CCC-SFBAY-04-03 The Ashen Scar,2,,Forgotten Realms,https://www.dmsguild.com/product/245751/CCCSFBAY0403-The-Ashen-Scar?filters=45470_0_0_0_0_0_0_0"
"CCC-SHINY-02,CCC-SHINY-02 An Open Secret,2,,Forgotten Realms,https://www.dmsguild.com/product/249748/CCCSHINY02-An-Open-Secret?filters=45470_0_0_0_0_0_0_0"
"CCC-SQC-03-03,CCC-SQC 03-03 Toxicity,2,2,Forgotten Realms,https://www.dmsguild.com/product/295878/CCCSQC-0303-Toxicity?filters=45470_0_0_0_0_0_0_0"
"CCC-SRCC01-01,CCC-SRCC01-01 Trouble in the Old City,2,,Forgotten Realms,https://www.dmsguild.com/product/223038/CCCSRCC0101-Trouble-in-the-Old-City?filters=45470_0_0_0_0_0_0_0"
"CCC-SRCC01-02,CCC-SRCC01-02 Down the River of Snakes,2,,Forgotten Realms,https://www.dmsguild.com/product/223039/CCCSRCC0102-Down-the-River-of-Snakes?filters=45470_0_0_0_0_0_0_0"
"CCC-SRCC01-03,CCC-SRCC01-03 Altar of the Smoldering Eye,2,,Forgotten Realms,https://www.dmsguild.com/product/223041/CCCSRCC0103-Altar-of-the-Smoldering-Eye?filters=45470_0_0_0_0_0_0_0"
"CCC-TAROT-02-05,CCC-TAROT-02-05 Hollow Hopes,2,2,Forgotten Realms,https://www.dmsguild.com/product/281715/CCCTAROT0205-Hollow-Hopes?filters=45470_0_0_0_0_0_0_0"
"CCC-TAROT-02-08,CCC-TAROT-02-08 Winding Road to Freedom,2,2,Forgotten Realms,https://www.dmsguild.com/product/308590/CCCTAROT0208-Winding-Road-to-Freedom?filters=45470_0_0_0_0_0_0_0"
"CCC-TAROT-S1-01,CCC-TAROT-S1-01 A Long Night,2,1,Forgotten Realms,https://www.dmsguild.com/product/308752/CCCTAROTS101-A-Long-Night?filters=45470_0_0_0_0_0_0_0"
"CCC-TAROT01-01,CCC-TAROT01-01 Awakening of Fates,2,1,Forgotten Realms,https://www.dmsguild.com/product/246844/CCCTAROT0101-Awakening-of-Fates?filters=45470_0_0_0_0_0_0_0"
"CCC-TAROT01-02,CCC-TAROT01-02 By the Light of the Moon,2,1,Forgotten Realms,https://www.dmsguild.com/product/246352/CCCTAROT0102-By-the-Light-of-the-Moon?filters=45470_0_0_0_0_0_0_0"
"CCC-TAROT01-03,CCC-TAROT01-03 A Martyred Heart,2,,Forgotten Realms,https://www.dmsguild.com/product/246073/CCCTAROT0103-A-Martyred-Heart?filters=45470_0_0_0_0_0_0_0"
"CCC-TAROT01-04,CCC-TAROT01-04 Tangled Woods,2,,Forgotten Realms,https://www.dmsguild.com/product/250268/CCCTAROT0104-Tangled-Woods?filters=45470_0_0_0_0_0_0_0"
"CCC-TAROT01-05,CCC-Tarot01-05 The Lost Apprentice,2,,Forgotten Realms,https://www.dmsguild.com/product/251826/CCCTarot0105-The-Lost-Apprentice?filters=45470_0_0_0_0_0_0_0"
"CCC-TAROT01-06,CCC-TAROT01-06 Lies in the Moonlight,2,1,Forgotten Realms,https://www.dmsguild.com/product/251831/CCCTAROT0106-Lies-in-the-Moonlight?filters=45470_0_0_0_0_0_0_0"
"CCC-TAROT02-02,CCC-TAROT02-02 Guardian's Scourge,2,2,Forgotten Realms,https://www.dmsguild.com/product/293956/CCCTAROT0202-Guardians-Scourge?filters=45470_0_0_0_0_0_0_0"
"CCC-TAROT02-03,CCC-Tarot02-03 To Boldly Go,2,,Forgotten Realms,https://www.dmsguild.com/product/267942/CCCTarot0203-To-Boldly-Go?filters=45470_0_0_0_0_0_0_0"
"CCC-TAROT02-04,CCC-TAROT02-04 Moonlit Waves Part 1,2,1,Forgotten Realms,https://www.dmsguild.com/product/281792/CCCTAROT0204-Moonlit-Waves-Part-1?filters=45470_0_0_0_0_0_0_0"
"CCC-TAROT02-07,CCC-TAROT02-07 Moonlit Waves Part 2,2,2,Forgotten Realms,https://www.dmsguild.com/product/308588/CCCTAROT0207-Moonlit-Waves-Part-2?filters=45470_0_0_0_0_0_0_0"
"CCC-TTS-1,CCC-TTS-1 Three Moles for Father Octavius,2,,Forgotten Realms,https://www.dmsguild.com/product/299061/CCCTTS1-Three-Moles-for-Father-Octavius?filters=45470_0_0_0_0_0_0_0"
"CCC-TTS-3-,CCC-TTS-3: Heart of the Storm,2,,Forgotten Realms,https://www.dmsguild.com/product/297746/CCCTTS3-Heart-of-the-Storm?filters=45470_0_0_0_0_0_0_0"
"CCC-UBCON01-01,CCC-UBCON01-01 Back Home Again,2,1,Forgotten Realms,https://www.dmsguild.com/product/315765/CCCUBCON0101-Back-Home-Again?filters=45470_0_0_0_0_0_0_0"
"CCC-UBCON01-03,CCC-UBCON01-03 Grime and Gears,2,,Forgotten Realms,https://www.dmsguild.com/product/315768/CCCUBCON0103-Grime-and-Gears?filters=45470_0_0_0_0_0_0_0"
"CCC-UBCON2020-02-REALM,CCC-UBCON2020-02-Realm of the Brand,2,1,Forgotten Realms,https://www.dmsguild.com/product/315872/CCCUBCON202002Realm-of-the-Brand"
"CCC-UCON02-02,CCC-UCON02-02 Rescue Down Under,2,,Forgotten Realms,https://www.dmsguild.com/product/337260/CCCUCON0202-Rescue-Down-Under?filters=45470_0_0_0_0_0_0_0"
"CCC-UNITE-007,CCC-UNITE-007 The Second Exodus of Syln Nahail,2,,Forgotten Realms,https://www.dmsguild.com/product/340567/CCCUNITE007-The-Second-Exodus-of-Syln-Nahail"
"CCC-WWC-01,CCC-WWC-01 In the Face of Fear,2,,Forgotten Realms,https://www.dmsguild.com/product/240678/CCCWWC01-In-the-Face-of-Fear?filters=45470_0_0_0_0_0_0_0"
"CCC-WWC-02,CCC-WWC-02 Dark Waters of Hate,2,,Forgotten Realms,https://www.dmsguild.com/product/240679/CCCWWC02-Dark-Waters-of-Hate?filters=45470_0_0_0_0_0_0_0"
"CCC-WWC-03,CCC-WWC-03 Tyrant of the Forgotten Forge,2,,Forgotten Realms,https://www.dmsguild.com/product/240680/CCCWWC03-Tyrant-of-the-Forgotten-Forge?filters=45470_0_0_0_0_0_0_0"
"CCC-WWC-05,CCC-WWC-05 Tyrant of Orcs,2,,Forgotten Realms,https://www.dmsguild.com/product/298149/CCCWWC05-Tyrant-of-Orcs?filters=45470_0_0_0_0_0_0_0"
"CCC-WWC-07,CCC-WWC-07 The Icy Hand of Hate,2,,Forgotten Realms,https://www.dmsguild.com/product/298152/CCCWWC07-The-Icy-Hand-of-Hate?filters=45470_0_0_0_0_0_0_0"
"CCC-WWC-08,CCC-WWC-08 Pool of Annihilation,2,,Forgotten Realms,https://www.dmsguild.com/product/298153/CCCWWC08-Pool-of-Annihilation?filters=45470_0_0_0_0_0_0_0"
"CCC-WWC-09,CCC-WWC-09 Defenders of Est'Ellma,2,1,Forgotten Realms,https://www.dmsguild.com/product/309301/CCCWWC09-Defenders-of-EstEllma?filters=45470_0_0_0_0_0_0_0"
"CCC-WWC-10,CCC-WWC-10 Brental's Roads Scholars,2,1,Forgotten Realms,https://www.dmsguild.com/product/309308/CCCWWC10-Brentals-Roads-Scholars?filters=45470_0_0_0_0_0_0_0"
"CCC-ZIEGE-03,CCC-Ziege-03 Dead Men Feel No Cold,2,2,Forgotten Realms,https://www.dmsguild.com/product/257607/CCCZiege03-Dead-Men-Feel-No-Cold"
"CCC-GOC01-01,CCCGOC01-01 Tree Rot,2,,Forgotten Realms,https://www.dmsguild.com/product/253211/CCCGOC0101-Tree-Rot?filters=45470_0_0_0_0_0_0_0"
"CCC-GOC01-02,CCCGOC01-02 Cairns of Rot,2,,Forgotten Realms,https://www.dmsguild.com/product/253210/CCCGOC0102-Cairns-of-Rot?filters=45470_0_0_0_0_0_0_0"
"CCC-THENT01-01,CCCTHENT01-01 Beneath the Surface,2,,Forgotten Realms,https://www.dmsguild.com/product/223663/CCCTHENT0101-Beneath-the-Surface?filters=45470_0_0_0_0_0_0_0"
"CCC-THENT01-02,CCCTHENT01-02 Those That Dwell Beneath,2,,Forgotten Realms,https://www.dmsguild.com/product/223665/CCCTHENT0102-Those-That-Dwell-Beneath?filters=45470_0_0_0_0_0_0_0"
"FR-DC-TKM-RGT-01,Charming (FR-DC-TKM-RGT-01),2,,Forgotten Realms,https://www.dmsguild.com/product/500685/Charming-FRDCTKMRGT01?filters=45470_0_0_0_0_0"
"SJ-DC-LEGIT-SB-02,Club Diamond (SJ-DC-LEGIT-SB-02),2,2,Forgotten Realms,https://www.dmsguild.com/product/415683/Club-Diamond-SJDCLEGITSB02?filters=0_0_100057_0_0_0_0_0"
"WBW-DC-TST-01,Color in Light (WBW-DC-TST-01),2,2,Forgotten Realms,https://www.dmsguild.com/product/391503/Color-in-Light-WBWDCTST01?filters=45470_0_0_0_0_0"
"DC-POA-CONMAR-17,DC-POA-CONMAR-17 Unrelenting,2,1,Forgotten Realms,https://www.dmsguild.com/product/369259/DCPOACONMAR17-Unrelenting?filters=0_0_100057_0_0_0_0_0"
"DC-POA-CTH1,DC-PoA-CTH1 Roused by Raiders,2,2,Forgotten Realms,https://www.dmsguild.com/product/346787/DCPoACTH1-Roused-by-Raiders?filters=0_0_100057_0_0_0_0_0"
"DC-POA-CTH2,DC-PoA-CTH2 Searching for a Shorebird,2,1,Forgotten Realms,https://www.dmsguild.com/product/369037/DCPoACTH2-Searching-for-a-Shorebird?filters=0_0_100057_0_0_0_0_0"
"DC-POA-DCAF03,DC-PoA-DCAF03 Sputtering Out,2,,Forgotten Realms,https://www.dmsguild.com/product/337518/DCPoADCAF03-Sputtering-Out?filters=0_0_100057_0_0_0_0_0"
"DC-POA-DCAF05,DC-PoA-DCAF05 Head In The Clouds,2,,Forgotten Realms,https://www.dmsguild.com/product/338801/DCPoADCAF05-Head-In-The-Clouds?filters=0_0_100057_0_0_0_0_0"
"DC-POA-DCAFCG01,DC-PoA-DCAFCG01 Catastrophe Caravan,2,2,Forgotten Realms,https://www.dmsguild.com/product/368869/DCPoADCAFCG01-Catastrophe-Caravan?filters=0_0_100057_0_0_0_0_0"
"DC-POA-DUCKS-OS-02-ARE,DC-PoA-DUCKS-OS-02-Are you open-minded?,2,1,Forgotten Realms,https://www.dmsguild.com/product/341912/DCPoADUCKSOS02Are-you-openminded?filters=0_0_100057_0_0_0_0_0"
"DC-POA-EPO-1,DC-PoA-EPO-1 A Garden in the North,2,1,Forgotten Realms,https://www.dmsguild.com/product/355065/DCPoAEPO1-A-Garden-in-the-North?filters=0_0_100057_0_0_0_0_0"
"DC-POA,DC-PoA Journey to Adventure: Icewind Dale,2,,Forgotten Realms,https://www.dmsguild.com/product/348672/DCPoA-Journey-to-Adventure-Icewind-Dale?filters=0_0_100057_0_0_0_0_0"
"DC-POA-MCIW-01,DC-PoA-MCIW-01 Icewind Whale,2,,Forgotten Realms,https://www.dmsguild.com/product/339064/DCPoAMCIW01-Icewind-Whale?filters=0_0_100057_0_0_0_0_0"
"DC-POA-PM01,DC-PoA-PM01 Adventures in babysitting squids,2,2,Forgotten Realms,https://www.dmsguild.com/product/346128/DCPoAPM01-Adventures-in-babysitting-squids?filters=0_0_100057_0_0_0_0_0"
"DC-POA-PM04,DC-PoA-PM04 Losing your Mind,2,1,Forgotten Realms,https://www.dmsguild.com/product/349832/DCPoAPM04-Losing-your-Mind?filters=0_0_100057_0_0_0_0_0"
"DC-POA-PM05,DC-PoA-PM05 Can you tell me how to get to the east haven way,2,1,Forgotten Realms,https://www.dmsguild.com/product/352245/DCPoAPM05-Can-you-tell-me-how-to-get-to-the-east-haven-way?filters=0_0_100057_0_0_0_0_0"
"DC-POA-WI-TTT-01,DC-PoA-WI-TTT-01 Wailing Ice: Trouble and Turmoil in Termalaine,2,1,Forgotten Realms,https://www.dmsguild.com/product/348722/DCPoAWITTT01-Wailing-Ice-Trouble-and-Turmoil-in-Termalaine?filters=0_0_100057_0_0_0_0_0"
"CCC-JGD-02,DDAL- JGD-02 Tortle Crossing,2,1,Forgotten Realms,https://www.dmsguild.com/product/291011/DDAL-JGD02-Tortle-Crossing"
"CCC-DRUIDS-03,DDALCCC-DRUIDS-03 In Tents,2,1,Forgotten Realms,https://www.dmsguild.com/product/297088/DDALCCCDRUIDS03-In-Tents"
"FR-DC-MELB-00-01,Dead in Daggerford (FR-DC-MELB-00-01),2,1,Forgotten Realms,https://www.dmsguild.com/product/495431/Dead-in-Daggerford-FRDCMELB0001?filters=45470_0_0_0_0_0"
"DC-POA-PND-4,Eateat Go Home? (DC-POA-PND-4),2,2,Forgotten Realms,https://www.dmsguild.com/product/369347/Eateat-Go-Home-DCPOAPND4?filters=0_0_100057_0_0_0_0_0"
"SJ-DC-BST-08,Enter: Mission (SJ-DC-BST-08),2,2,Forgotten Realms,https://www.dmsguild.com/product/461977/Enter-Mission-SJDCBST08?filters=0_0_100057_0_0_0_0_0"
"SJ-DC-BAD-03,Festival of Frun (SJ-DC-BAD-03),2,2,Forgotten Realms,https://www.dmsguild.com/product/463925/Festival-of-Frun-SJDCBAD03?filters=0_0_100057_0_0_0_0_0"
"SJ-DC-LEGIT-SB-01,Fire Thieves (SJ-DC-LEGIT-SB-01),2,2,Forgotten Realms,https://www.dmsguild.com/product/409000/Fire-Thieves-SJDCLEGITSB01?filters=0_0_100057_0_0_0_0_0"
"WBW-DC-KCB-05,Fishing in the Dark WBW-DC-KCB-05,2,1,Forgotten Realms,https://www.dmsguild.com/product/407379/Fishing-in-the-Dark-WBWDCKCB05?filters=0_0_100057_0_0_0_0_0"
"SJ-DC-PHP-FLN01-01,Forlorn but not Forgotten (SJ-DC-PHP-FLN01-01),2,,Forgotten Realms,https://www.dmsguild.com/product/418804/Forlorn-but-not-Forgotten-SJDCPHPFLN0101?filters=0_0_100057_0_0_0_0_0"
"FR-DC-ARCON-01,FR-DC-ARCON-01 Mines and Monsters,2,2,Forgotten Realms,https://www.dmsguild.com/product/485373/FRDCARCON01-Mines-and-Monsters?filters=0_0_100057_0_0_0_0_0"
"FR-DC-CONMAR-01,FR-DC-CONMAR-01 Tower Up!,2,1,Forgotten Realms,https://www.dmsguild.com/product/497270/FRDCCONMAR01-Tower-Up?filters=45470_0_0_0_0_0"
"FR-DC-NMB2-01,FR-DC-NMB2-01 Better Together,2,1,Forgotten Realms,https://www.dmsguild.com/product/465190/FRDCNMB201-Better-Together?filters=0_0_100057_0_0_0_0_0"
"FR-DC-PANDORA-JWEI-12,FR-DC-PANDORA-JWEI-12, Pandora,2,3,Forgotten Realms,https://www.dmsguild.com/product/475296/FRDCPANDORAJWEI12-Pandora?filters=0_0_100057_0_0_0_0_0"
"FR-DC-PHP-PEST-01-,FR-DC-PHP-PEST-01: Pest Control,2,1,Forgotten Realms,https://www.dmsguild.com/product/500527/FRDCPHPPEST01-Pest-Control?filters=45470_0_0_0_0_0"
"FR-DC-RFJK-01,FR-DC-RFJK-01 Punny You Ask,2,1,Forgotten Realms,https://www.dmsguild.com/product/491314/FRDCRFJK01-Punny-You-Ask?filters=0_0_100057_0_0_0_0_0"
"FR-DC-RPSG-09,FR-DC-RPSG-09 Ruckus at the Reception,2,1,Forgotten Realms,https://www.dmsguild.com/product/477301/FRDCRPSG09-Ruckus-at-the-Reception?filters=0_0_100057_0_0_0_0_0"
"FR-DC-SAC-07,FR-DC-SAC-07 Haunting in Gloomwood Cemetery,2,1,Forgotten Realms,https://www.dmsguild.com/product/493743/FRDCSAC07-Haunting-in-Gloomwood-Cemetery?filters=45470_0_0_0_0_0_0_0"
"FR-DC-STRAT-FIEND-06,FR-DC-STRAT-FIEND-06 Cold Blooded Bandit,2,3,Forgotten Realms,https://www.dmsguild.com/product/515382/FRDCSTRATFIEND06-Cold-Blooded-Bandit?filters=45470_0_0_0_0_0"
"FR-DC-WCAG-01,FR-DC-WCAG-01 Black Water & Blue Wine,2,1,Forgotten Realms,https://www.dmsguild.com/product/500389/FRDCWCAG01-Black-Water--Blue-Wine?filters=45470_0_0_0_0_0"
"FR-DC-WCAG-02,FR-DC-WCAG-02 Neverwinter Days & Lunar Nights,2,1,Forgotten Realms,https://www.dmsguild.com/product/500390/FRDCWCAG02-Neverwinter-Days--Lunar-Nights?filters=45470_0_0_0_0_0"
"FR-DC-WCAG-03,FR-DC-WCAG-03 Crashing Waves & Crushing Depths,2,1,Forgotten Realms,https://www.dmsguild.com/product/500392/FRDCWCAG03-Crashing-Waves--Crushing-Depths?filters=45470_0_0_0_0_0"
"FR-DC-WCAG02-01,FR-DC-WCAG02-01 Mayhem in the Squallrider,2,1,Forgotten Realms,https://www.dmsguild.com/product/511959/FRDCWCAG0201-Mayhem-in-the-Squallrider?filters=45470_0_0_0_0_0"
"FR-DC-WCAG02-02,FR-DC-WCAG02-02 Murder All the Way Down,2,1,Forgotten Realms,https://www.dmsguild.com/product/511963/FRDCWCAG0202-Murder-All-the-Way-Down?filters=45470_0_0_0_0_0"
"FR-DC-WCAG02-03,FR-DC-WCAG02-03 Fixing the Pearl Fissures,2,1,Forgotten Realms,https://www.dmsguild.com/product/511964/FRDCWCAG0203-Fixing-the-Pearl-Fissures?filters=45470_0_0_0_0_0"
"FR-DC-WCAG02-04,FR-DC-WCAG02-04 An Inside Job,2,1,Forgotten Realms,https://www.dmsguild.com/product/511966/FRDCWCAG0204-An-Inside-Job?filters=45470_0_0_0_0_0"
"FR-DC-WCAG02-05,FR-DC-WCAG02-05 Shake 'N' Bake,2,2,Forgotten Realms,https://www.dmsguild.com/product/511968/FRDCWCAG0205-Shake-N-Bake?filters=45470_0_0_0_0_0"
"FR-DC-WCAG02-06,FR-DC-WCAG02-06 Whispers Beneath the Waves,2,2,Forgotten Realms,https://www.dmsguild.com/product/511970/FRDCWCAG0206-Whispers-Beneath-the-Waves?filters=45470_0_0_0_0_0"
"FR-DC-WCAG03-02,FR-DC-WCAG03-02 The Backside of Water,2,1,Forgotten Realms,https://www.dmsguild.com/product/516918/FRDCWCAG0302-The-Backside-of-Water?filters=45470_0_0_0_0_0"
"FR-DC-WCAG03-03,FR-DC-WCAG03-03 Birds of Paradise,2,1,Forgotten Realms,https://www.dmsguild.com/product/516919/FRDCWCAG0303-Birds-of-Paradise?filters=45470_0_0_0_0_0"
"FR-DC-DRESS-01,Goblin In A Dress,2,1,Forgotten Realms,https://www.dmsguild.com/product/497468/Goblin-In-A-Dress"
"SJ-DC-HBI-002,Hardy and Beholder Investigations: The Hitchhiker (SJ-DC-HBI-002),2,,Forgotten Realms,https://www.dmsguild.com/product/411946/Hardy-and-Beholder-Investigations-The-Hitchhiker-SJDCHBI002?filters=45470_0_0_0_0_0"
"SJ-DC-HBI-001,Hardy and Beholder Investigations: The Stowaway (SJ-DC-HBI-001),2,,Forgotten Realms,https://www.dmsguild.com/product/411601/Hardy-and-Beholder-Investigations-The-Stowaway-SJDCHBI001?filters=1000044_0_45393_0_0_0_0_0"
"PS-DC-NOS-03,Its Always Boring in Automata (PS-DC-NOS-03),2,4,Forgotten Realms,https://www.dmsguild.com/product/494242/Its-Always-Boring-in-Automata-PSDCNOS03?filters=45470_0_0_0_0_0_0_0"
"SJ-DC-PHP-FLN01-02,Kaleidoscope Vault (SJ-DC-PHP-FLN01-02),2,,Forgotten Realms,https://www.dmsguild.com/product/432750/Kaleidoscope-Vault-SJDCPHPFLN0102?filters=0_0_100057_0_0_0_0_0"
"FR-DC-TGT-01,Kobolds Are The Worst Guests! (FR-DC-TGT-01),2,1,Forgotten Realms,https://www.dmsguild.com/product/477025/Kobolds-Are-The-Worst-Guests-FRDCTGT01?filters=0_0_100057_0_0_0_0_0"
"SJ-DC-MDW01,Let's Rock! (SJ-DC-MDW01),2,1,Forgotten Realms,https://www.dmsguild.com/product/417807/Lets-Rock-SJDCMDW01?filters=45470_0_0_0_0_0"
"SJ-DC-LLL-01,Library Lies & Lift Off! - SJ-DC-LLL-01,2,2,Forgotten Realms,https://www.dmsguild.com/product/464271/Library-Lies--Lift-Off--SJDCLLL01?filters=0_0_100057_0_0_0_0_0"
"SJ-DC-LLL-01,Library Lies & Lift Off! - SJ-DC-LLL-01,2,2,Forgotten Realms,https://www.dmsguild.com/product/464271/Library-Lies--Lift-Off--SJDCLLL01?filters=0_0_100057_0_0_0_0_0"
"LN-1,LN-1 Fuzzytale Farm and the Frightful Candy Goat Massacre,2,1,Forgotten Realms,https://www.dmsguild.com/product/375720/LN1-Fuzzytale-Farm-and-the-Frightful-Candy-Goat-Massacre?filters=45470_0_0_0_0_0"
"WBW-DC-PHP-REV-01,Lost in Reverie (WBW-DC-PHP-REV-01),2,1,Forgotten Realms,https://www.dmsguild.com/product/403066/Lost-in-Reverie-WBWDCPHPREV01?filters=0_0_100057_0_0_0_0_0"
"SJ-DC-TKM-01,Lost Stars (SJ-DC-TKM-01),2,,Forgotten Realms,https://www.dmsguild.com/product/418054/Lost-Stars-SJDCTKM01?filters=0_0_100057_0_0_0_0_0"
"SJ-DC-EBAL-SPKY-01,Mergryn's Helm (SJ-DC-EBAL-SPKY-01),2,1,Forgotten Realms,https://www.dmsguild.com/product/411821/Mergryns-Helm-SJDCEBALSPKY01?filters=0_0_100057_0_0_0_0_0"
"FR-DC-MELB-01-01,Mistbourne: The Musical (FR-DC-MELB-01-01),2,2,Forgotten Realms,https://www.dmsguild.com/product/484234/Mistbourne-The-Musical-FRDCMELB0101?filters=45470_0_0_0_0_0_0_0"
"FR-DC-MELB-01-04,Monsters (FR-DC-MELB-01-04),2,2,Forgotten Realms,https://www.dmsguild.com/product/484655/Monsters-FRDCMELB0104?filters=0_0_100057_0_0_0_0_0"
"SJ-DC-ANGKA-06,Moving Up in the World (SJ-DC-ANGKA-06),2,3,Forgotten Realms,https://www.dmsguild.com/product/441090/Moving-Up-in-the-World-SJDCANGKA06?filters=0_0_100057_0_0_0_0_0"
"SJ-DC-ANGKA-05,Never Let Me Go (SJ-DC-ANGKA-05),2,3,Forgotten Realms,https://www.dmsguild.com/product/437916/Never-Let-Me-Go-SJDCANGKA05?filters=0_0_100057_0_0_0_0_0"
"WBW-DC-ABC-01,One Last Time,2,2,Forgotten Realms,https://www.dmsguild.com/product/408440/One-Last-Time?filters=45470_0_0_0_0_0"
"PO-BK-02-04,PO-BK-02-04 Out of the Shaar,2,,Forgotten Realms,https://www.dmsguild.com/product/433901/POBK0204-Out-of-the-Shaar?filters=45470_0_0_0_0_0"
"PO-BK-02-06,PO-BK-02-06 First Contact,2,,Forgotten Realms,https://www.dmsguild.com/product/433909/POBK0206-First-Contact?filters=45470_0_0_0_0_0"
"PO-BK-02-10,PO-BK-02-10 A Grim and Ravenous Arrival,2,,Forgotten Realms,https://www.dmsguild.com/product/433917/POBK0210-A-Grim-and-Ravenous-Arrival?filters=45470_0_0_0_0_0"
"PO-BK2-01,PO-BK2-01 The Thayan Connection,2,,Forgotten Realms,https://www.dmsguild.com/product/418769/POBK201-The-Thayan-Connection?filters=45470_0_0_0_0_0"
"PO-BK2-03,PO-BK2-03 What Dreams May Come,2,,Forgotten Realms,https://www.dmsguild.com/product/413092/POBK203-What-Dreams-May-Come?filters=45470_0_0_0_0_0"
"SJ-DC-BST-05,Pounded (SJ-DC-BST-05),2,2,Forgotten Realms,https://www.dmsguild.com/product/459935/Pounded-SJDCBST05?filters=0_0_100057_0_0_0_0_0"
"PS-DC-ELEMENT-DEATH-02,PS-DC-ELEMENT-DEATH-02 And Then They Attacked,2,4,Forgotten Realms,https://www.dmsguild.com/product/496426/PSDCELEMENTDEATH02-And-Then-They-Attacked?filters=45470_0_0_0_0_0"
"PS-DC-PKL-18,PS-DC-PKL-18 The Power and The Glory,2,4,Forgotten Realms,https://www.dmsguild.com/product/507101/PSDCPKL18-The-Power-and-The-Glory?filters=45470_0_0_0_0_0"
"PS-DC-PKL-19,PS-DC-PKL-19 Kingdom Come Undone,2,4,Forgotten Realms,https://www.dmsguild.com/product/507261/PSDCPKL19-Kingdom-Come-Undone?filters=45470_0_0_0_0_0"
"PS-DC-PKL-20,PS-DC-PKL-20 Jawbreakers and Jailbreakers,2,4,Forgotten Realms,https://www.dmsguild.com/product/507343/PSDCPKL20-Jawbreakers-and-Jailbreakers?filters=45470_0_0_0_0_0"
"SJ-DC-BST-02,Rammed (SJ-DC-BST-02),2,2,Forgotten Realms,https://www.dmsguild.com/product/447089/Rammed-SJDCBST02?filters=0_0_100057_0_0_0_0_0"
"SJ-DC-EBAL-SPKY-02,Reading the Mappa Mortuum (SJ-DC-EBAL-SPKY-02),2,1,Forgotten Realms,https://www.dmsguild.com/product/414710/Reading-the-Mappa-Mortuum-SJDCEBALSPKY02?filters=0_0_100057_0_0_0_0_0"
"SJ-DC-AMO-KURI-00,Rumble in The Jungle (SJ-DC-AMO-KURI-00),2,,Forgotten Realms,https://www.dmsguild.com/product/444946/Rumble-in-The-Jungle-SJDCAMOKURI00?filters=0_0_100057_0_0_0_0_0"
"SJ-DC-VEN-01,S.O.S. (SJ-DC-VEN-01),2,1,Forgotten Realms,https://www.dmsguild.com/product/419577/SOS-SJDCVEN01?filters=0_0_100057_0_0_0_0_0"
"CCC-ALMOG-26,Shadowed Bellview,2,1,Forgotten Realms,https://www.dmsguild.com/product/284824/Shadowed-Bellview?filters=45470_0_0_0_0_0_0_0"
"SJ-DC-ANGKA-03,Shipwrecked in the Sea of Madness (SJ-DC-ANGKA-03),2,1,Forgotten Realms,https://www.dmsguild.com/product/419143/Shipwrecked-in-the-Sea-of-Madness-SJDCANGKA03?filters=0_0_100057_0_0_0_0_0"
"FR-DC-MELB-01-03,Signs of Corruption (FR-DC-MELB-01-03),2,2,Forgotten Realms,https://www.dmsguild.com/product/484589/Signs-of-Corruption-FRDCMELB0103?filters=0_0_100057_0_0_0_0_0"
"SJ-DC-ARQ-01,SJ-DC-ARQ-01  Welcome to the Arquëon System,2,1,Forgotten Realms,https://www.dmsguild.com/product/428240/SJDCARQ01--Welcome-to-the-Arqueon-System?filters=0_0_100057_0_0_0_0_0"
"SJ-DC-BBB-02,SJ-DC-BBB-02 Mutiny: The Blunderbuss of Blunderbuss Bill,2,2,Forgotten Realms,https://www.dmsguild.com/product/431087/SJDCBBB02-Mutiny-The-Blunderbuss-of-Blunderbuss-Bill?filters=0_0_100057_0_0_0_0_0"
"SJ-DC-BBB-03,SJ-DC-BBB-03 Mutiny: The Battle of Blunderbuss Bill,2,2,Forgotten Realms,https://www.dmsguild.com/product/445673/SJDCBBB03-Mutiny-The-Battle-of-Blunderbuss-Bill?filters=0_0_100057_0_0_0_0_0"
"SJ-DC-CBB-01,SJ-DC-CBB-01 Last Stand of The Void,2,,Forgotten Realms,https://www.dmsguild.com/product/435250/SJDCCBB01-Last-Stand-of-The-Void?filters=0_0_100057_0_0_0_0_0"
"SJ-DC-CONMAR-01,SJ-DC-CONMAR-01 Who Killed Marcus?,2,3,Forgotten Realms,https://www.dmsguild.com/product/465395/SJDCCONMAR01-Who-Killed-Marcus?filters=0_0_100057_0_0_0_0_0"
"SJ-DC-CONMAR-02,SJ-DC-CONMAR-02 A Kraken Good Story,2,3,Forgotten Realms,https://www.dmsguild.com/product/465397/SJDCCONMAR02-A-Kraken-Good-Story?filters=0_0_100057_0_0_0_0_0"
"SJ-DC-CONMAR-03,SJ-DC-CONMAR-03 Heart of Shards,2,3,Forgotten Realms,https://www.dmsguild.com/product/465398/SJDCCONMAR03-Heart-of-Shards?filters=0_0_100057_0_0_0_0_0"
"SJ-DC-CONMAR-04,SJ-DC-CONMAR-04 Finally Saving Marcus,2,3,Forgotten Realms,https://www.dmsguild.com/product/465399/SJDCCONMAR04-Finally-Saving-Marcus?filters=0_0_100057_0_0_0_0_0"
"SJ-DC-CONMAR,SJ-DC-CONMAR Art & Info Pack,2,3,Forgotten Realms,https://www.dmsguild.com/product/465858/SJDCCONMAR-Art--Info-Pack?filters=45470_0_0_0_0_0_0_0"
"SJ-DC-ECHO-01,SJ-DC-ECHO-01 Starfall,2,3,Forgotten Realms,https://www.dmsguild.com/product/411335/SJDCECHO01-Starfall?filters=0_0_100057_0_0_0_0_0"
"SJ-DC-ECHO-04,SJ-DC-ECHO-04 Return to Echo Three,2,2,Forgotten Realms,https://www.dmsguild.com/product/447491/SJDCECHO04-Return-to-Echo-Three?filters=0_0_100057_0_0_0_0_0"
"SJ-DC-END-01-04,SJ-DC-END-01-04 Echoes in Space,2,2,Forgotten Realms,https://www.dmsguild.com/product/442801/SJDCEND0104-Echoes-in-Space?filters=45470_0_0_0_0_0"
"SJ-DC-END-01-06,SJ-DC-END-01-06 Wildspace Race,2,2,Forgotten Realms,https://www.dmsguild.com/product/465475/SJDCEND0106-Wildspace-Race?filters=0_0_100057_0_0_0_0_0"
"SJ-DC-FLUMPH-01,SJ-DC-FLUMPH-01 Flurry of Flumphs,2,1,Forgotten Realms,https://www.dmsguild.com/product/411348/SJDCFLUMPH01-Flurry-of-Flumphs?filters=0_0_100057_0_0_0_0_0"
"SJ-DC-FLUMPH-02,SJ-DC-FLUMPH-02 Frightmare of the Flux,2,2,Forgotten Realms,https://www.dmsguild.com/product/430296/SJDCFLUMPH02-Frightmare-of-the-Flux?filters=45470_0_0_0_0_0"
"SJ-DC-HAG,SJ-DC-HAG Put Your Hag Together,2,2,Forgotten Realms,https://www.dmsguild.com/product/458042/SJDCHAG-Put-Your-Hag-Together?filters=0_0_100057_0_0_0_0_0"
"SJ-DC,SJ-DC Happy New Year!,2,2,Forgotten Realms,https://www.dmsguild.com/product/421711/SJDC-Happy-New-Year?filters=0_0_100057_0_0_0_0_0"
"SJ-DC-HORNET-01,SJ-DC-HORNET-01 The Ghost Ship's Sting,2,1,Forgotten Realms,https://www.dmsguild.com/product/430751/SJDCHORNET01-The-Ghost-Ships-Sting?filters=0_0_100057_0_0_0_0_0"
"SJ-DC-LNS-01,SJ-DC-LNS-01 Spelljammer of the Damned,2,2,Forgotten Realms,https://www.dmsguild.com/product/414388/SJDCLNS01-Spelljammer-of-the-Damned?filters=0_0_100057_0_0_0_0_0"
"SJ-DC-MONSTER-01,SJ-DC-MONSTER-01 Phoenix,2,3,Forgotten Realms,https://www.dmsguild.com/product/426879/SJDCMONSTER01-Phoenix?filters=0_0_100057_0_0_0_0_0"
"SJ-DC-MONSTER-03,SJ-DC-MONSTER-03 Zaratan,2,3,Forgotten Realms,https://www.dmsguild.com/product/460523/SJDCMONSTER03-Zaratan?filters=45470_0_0_0_0_0_0_0"
"SJ-DC-NMB1-01,SJ-DC-NMB1-01 An Enemy,2,2,Forgotten Realms,https://www.dmsguild.com/product/432159/SJDCNMB101-An-Enemy?filters=0_0_100057_0_0_0_0_0"
"SJ-DC-NMB1-02,SJ-DC-NMB1-02 Kindred Spirits,2,2,Forgotten Realms,https://www.dmsguild.com/product/444255/SJDCNMB102-Kindred-Spirits?filters=0_0_100057_0_0_0_0_0"
"SJ-DC-NMB1-03,SJ-DC-NMB1-03 Conclusion in Karpri,2,2,Forgotten Realms,https://www.dmsguild.com/product/465191/SJDCNMB103-Conclusion-in-Karpri?filters=0_0_100057_0_0_0_0_0"
"SJ-DC-PHP-02-,SJ-DC-PHP-02: Securing Passage,2,1,Forgotten Realms,https://www.dmsguild.com/product/450714/SJDCPHP02-Securing-Passage?filters=0_0_100057_0_0_0_0_0"
"SJ-DC-RFJK-01,SJ-DC-RFJK-01 Bringing Home the Bacon,2,1,Forgotten Realms,https://www.dmsguild.com/product/417814/SJDCRFJK01-Bringing-Home-the-Bacon?filters=0_0_100057_0_0_0_0_0"
"SJ-DC-RFJK-02-01,SJ-DC-RFJK-02-01 Rrakkma Recruitment,2,3,Forgotten Realms,https://www.dmsguild.com/product/465568/SJDCRFJK0201-Rrakkma-Recruitment?filters=0_0_100057_0_0_0_0_0"
"SJ-DC-RFJK-02-02,SJ-DC-RFJK-02-02 Intelligent Intention,2,3,Forgotten Realms,https://www.dmsguild.com/product/465578/SJDCRFJK0202-Intelligent-Intention?filters=0_0_100057_0_0_0_0_0"
"SJ-DC-RFJK-02-03,SJ-DC-RFJK-02-03 Colony Calling,2,3,Forgotten Realms,https://www.dmsguild.com/product/465696/SJDCRFJK0203-Colony-Calling?filters=0_0_100057_0_0_0_0_0"
"SJ-DC-TBE-04,SJ-DC-TBE-04 A Space Rendezvous,2,2,Forgotten Realms,https://www.dmsguild.com/product/465565/SJDCTBE04-A-Space-Rendezvous?filters=0_0_100057_0_0_0_0_0"
"SJ-DC-TRIDEN-UPR,SJ-DC-TRIDEN-UPR Under Pressure,2,1,Forgotten Realms,https://www.dmsguild.com/product/424047/SJDCTRIDENUPR-Under-Pressure?filters=0_0_100057_0_0_0_0_0"
"SJ-DC-TST-03,SJ-DC-TST-03 Bakunawa,2,3,Forgotten Realms,https://www.dmsguild.com/product/464856/SJDCTST03-Bakunawa?filters=0_0_100057_0_0_0_0_0"
"SJ-DC-BST-01,Slammed (SJ-DC-BST-01),2,2,Forgotten Realms,https://www.dmsguild.com/product/446279/Slammed-SJDCBST01?filters=0_0_100057_0_0_0_0_0"
"SJ-DC-PAT-02,Snake-Eye Satellite (SJ-DC-PAT-02),2,2,Forgotten Realms,https://www.dmsguild.com/product/434096/SnakeEye-Satellite-SJDCPAT02?filters=0_0_100057_0_0_0_0_0"
"PS-DC-CEG-02,Snakes on a Planescape (PS-DC-CEG-02),2,4,Forgotten Realms,https://www.dmsguild.com/product/478979/Snakes-on-a-Planescape-PSDCCEG02?filters=0_0_100057_0_0_0_0_0"
"WBW-DC-PHP-POLAR-01,Snow Ice (WBW-DC-PHP-POLAR-01),2,2,Forgotten Realms,https://www.dmsguild.com/product/400851/Snow-Ice-WBWDCPHPPOLAR01?filters=0_0_100057_0_0_0_0_0"
"SJ-DC-VEN-01,S.O.S. (SJ-DC-VEN-01),2,,Forgotten Realms,https://www.dmsguild.com/product/419577/SOS-SJDCVEN01?filters=0_0_100057_0_0_0_0_0"
"SJ-DC-BAD-02,Space Hamsterball Run! (SJ-DC-BAD-02),2,1,Forgotten Realms,https://www.dmsguild.com/product/463682/Space-Hamsterball-Run-SJDCBAD02?filters=0_0_100057_0_0_0_0_0"
"SJ-DC-ISL-01,Speck in the Sky (SJ-DC-ISL-01),2,1,Forgotten Realms,https://www.dmsguild.com/product/420031/Speck-in-the-Sky-SJDCISL01?filters=0_0_100057_0_0_0_0_0"
"SJ-DC-SQD,Squidaddle! (SJ-DC-SQD),2,1,Forgotten Realms,https://www.dmsguild.com/product/411384/Squidaddle-SJDCSQD?filters=45470_0_0_0_0_0"
"SJ-DC-SQD2,Squidoosh! (SJ-DC-SQD2),2,1,Forgotten Realms,https://www.dmsguild.com/product/433190/Squidoosh-SJDCSQD2?filters=45470_0_0_0_0_0"
"FR-DC-WATERDEEP-CDZ,Sweet Dreams are Made of Candies (FR-DC-WATERDEEP-CDZ),2,1,Forgotten Realms,https://www.dmsguild.com/product/497184/Sweet-Dreams-are-Made-of-Candies-FRDCWATERDEEPCDZ?filters=45470_0_0_0_0_0"
"FR-DC-WATERDEEP-CHZ,Sweet Dreams are Made of Cheese (FR-DC-WATERDEEP-CHZ),2,1,Forgotten Realms,https://www.dmsguild.com/product/474519/Sweet-Dreams-are-Made-of-Cheese-FRDCWATERDEEPCHZ?filters=0_0_100057_0_0_0_0_0"
"FR-DC-WATERDEEP-GSZ,Sweet Dreams are Made of Geese (FR-DC-WATERDEEP-GSZ),2,1,Forgotten Realms,https://www.dmsguild.com/product/481665/Sweet-Dreams-are-Made-of-Geese-FRDCWATERDEEPGSZ?filters=0_0_100057_0_0_0_0_0"
"FR-DC-WATERDEEP-KYZ,Sweet Dreams are Made of Keys (FR-DC-WATERDEEP-KYZ),2,1,Forgotten Realms,https://www.dmsguild.com/product/476905/Sweet-Dreams-are-Made-of-Keys-FRDCWATERDEEPKYZ?filters=0_0_100057_0_0_0_0_0"
"FR-DC-WATERDEEP-PCZ,Sweet Dreams are Made of Peace (FR-DC-WATERDEEP-PCZ),2,1,Forgotten Realms,https://www.dmsguild.com/product/479086/Sweet-Dreams-are-Made-of-Peace-FRDCWATERDEEPPCZ?filters=0_0_100057_0_0_0_0_0"
"FR-DC-WATERDEEP-TZZ,Sweet Dreams are Made of Teas (FR-DC-WATERDEEP-TZZ),2,1,Forgotten Realms,https://www.dmsguild.com/product/485629/Sweet-Dreams-are-Made-of-Teas-FRDCWATERDEEPTZZ?filters=0_0_100057_0_0_0_0_0"
"FR-DC-WATERDEEP-TRZ,Sweet Dreams are Made of Trees (FR-DC-WATERDEEP-TRZ),2,1,Forgotten Realms,https://www.dmsguild.com/product/489670/Sweet-Dreams-are-Made-of-Trees-FRDCWATERDEEPTRZ?filters=0_0_100057_0_0_0_0_0"
"FR-DC-MELB-01-06,Syncopated Denouement (FR-DC-MELB-01-06),2,3,Forgotten Realms,https://www.dmsguild.com/product/489688/Syncopated-Denouement-FRDCMELB0106?filters=0_0_100057_0_0_0_0_0"
"SJ-DC-BST-03,Taken in the Early Morning (SJ-DC-BST-03),2,2,Forgotten Realms,https://www.dmsguild.com/product/447837/Taken-in-the-Early-Morning-SJDCBST03?filters=0_0_100057_0_0_0_0_0"
"DC-POA-GSP02-03H,That Ain't Mead (DC-PoA-GSP02-03H),2,,Forgotten Realms,https://www.dmsguild.com/product/345133/That-Aint-Mead-DCPoAGSP0203H?filters=0_0_100057_0_0_0_0_0"
"DC-POA-GSP02-01H,The Arrival of Mr. Sorrow (DC-PoA-GSP02-01H),2,,Forgotten Realms,https://www.dmsguild.com/product/345129/The-Arrival-of-Mr-Sorrow-DCPoAGSP0201H?filters=0_0_100057_0_0_0_0_0"
"WBW-DC-TBLCMB-03,The Black Lily Contract WBW-DC-TBLCMB-03,2,1,Forgotten Realms,https://www.dmsguild.com/product/392906/The-Black-Lily-Contract-WBWDCTBLCMB03?filters=0_0_100057_0_0_0_0_0"
"FR-DC-MELB-01-02,The Broken Stronghold (FR-DC-MELB-01-02),2,2,Forgotten Realms,https://www.dmsguild.com/product/484393/The-Broken-Stronghold-FRDCMELB0102?filters=0_0_100057_0_0_0_0_0"
"WBW-DC-TMP-03,The Buck Stops (WBW-DC-TMP-03),2,2,Forgotten Realms,https://www.dmsguild.com/product/408280/The-Buck-Stops-WBWDCTMP03?filters=0_0_100057_0_0_0_0_0"
"WBW-DC-FDC-01,The Ember King (WBW-DC-FDC-01),2,1,Forgotten Realms,https://www.dmsguild.com/product/371459/The-Ember-King-WBWDCFDC01?filters=0_0_100057_0_0_0_0_0"
"FR-DC-MELB-00-03,The Freezing of Starflow Fall (FR-DC-MELB-00-03),2,1,Forgotten Realms,https://www.dmsguild.com/product/508671/The-Freezing-of-Starflow-Fall-FRDCMELB0003?filters=45470_0_0_0_0_0"
"SJ-DC-THID-MB04,The Horror in Darkfall SJ-DC-THID-MB04,2,1,Forgotten Realms,https://www.dmsguild.com/product/423827/The-Horror-in-Darkfall-SJDCTHIDMB04?filters=45470_0_0_0_0_0"
"DC-POA-GSP02-04H,The Horror Sphere (DC-PoA-GSP02-04H),2,,Forgotten Realms,https://www.dmsguild.com/product/345134/The-Horror-Sphere-DCPoAGSP0204H?filters=0_0_100057_0_0_0_0_0"
"WBW-DC-FDC-06,The Landscape of Estorian LeFae WBW-DC-FDC-06,2,1,Forgotten Realms,https://www.dmsguild.com/product/371445/The-Landscape-of-Estorian-LeFae-WBWDCFDC06?filters=0_0_100057_0_0_0_0_0"
"WBW-DC-TLRMB-02,The Last Resort WBW-DC-TLRMB-02,2,1,Forgotten Realms,https://www.dmsguild.com/product/382720/The-Last-Resort-WBWDCTLRMB02?filters=0_0_100057_0_0_0_0_0"
"SJ-DC-PND-3,The Little Monster (SJ-DC-PND-3),2,1,Forgotten Realms,https://www.dmsguild.com/product/465705/The-Little-Monster-SJDCPND3?filters=0_0_100057_0_0_0_0_0"
"SJ-DC-PND-1,The Monster at the End of this Adventure (SJ-DC-PND-1),2,1,Forgotten Realms,https://www.dmsguild.com/product/465639/The-Monster-at-the-End-of-this-Adventure-SJDCPND1?filters=0_0_100057_0_0_0_0_0"
"WBW-DC-FDC-04,The Monster of Wonderia (WBW-DC-FDC-04),2,1,Forgotten Realms,https://www.dmsguild.com/product/371476/The-Monster-of-Wonderia-WBWDCFDC04?filters=0_0_100057_0_0_0_0_0"
"SJ-DC-PAT-00,The Moonshot (SJ-DC-PAT-00),2,1,Forgotten Realms,https://www.dmsguild.com/product/419164/The-Moonshot-SJDCPAT00"
"DC-POA-GSP02-02H,The Priest of Caer-Dineval (DC-PoA-GSP02-02H),2,,Forgotten Realms,https://www.dmsguild.com/product/345131/The-Priest-of-CaerDineval-DCPoAGSP0202H?filters=0_0_100057_0_0_0_0_0"
"FR-DC-TGT-03,The Show Must Go On (FR-DC-TGT-03),2,1,Forgotten Realms,https://www.dmsguild.com/product/505431/The-Show-Must-Go-On-FRDCTGT03?filters=45470_0_0_0_0_0"
"SJ-DC-PND-2,The Very Hungry Monster (SJ-DC-PND-2),2,1,Forgotten Realms,https://www.dmsguild.com/product/465703/The-Very-Hungry-Monster-SJDCPND2?filters=0_0_100057_0_0_0_0_0"
"DC-POA-PND-3,The Watcher in the Attic (DC-POA-PND-3),2,1,Forgotten Realms,https://www.dmsguild.com/product/369336/The-Watcher-in-the-Attic-DCPOAPND3?filters=0_0_100057_0_0_0_0_0"
"FR-DC-MELB-00-02,The Weeping Maiden (FR-DC-MELB-00-02),2,1,Forgotten Realms,https://www.dmsguild.com/product/497583/The-Weeping-Maiden-FRDCMELB0002?filters=45470_0_0_0_0_0"
"FR-DC-TGT-02,Those Who Plant (FR-DC-TGT-02),2,1,Forgotten Realms,https://www.dmsguild.com/product/481540/Those-Who-Plant-FRDCTGT02?filters=0_0_100057_0_0_0_0_0"
"SJ-DC-TKM-02,Tink, Tink, Boom! (SJ-DC-TKM-02),2,,Forgotten Realms,https://www.dmsguild.com/product/431720/Tink-Tink-Boom-SJDCTKM02?filters=0_0_100057_0_0_0_0_0"
"SJ-DC-BST-07,Tying the Knot (SJ-DC-BST-07),2,3,Forgotten Realms,https://www.dmsguild.com/product/455015/Tying-the-Knot-SJDCBST07?filters=0_0_100057_0_0_0_0_0"
"SJ-DC-PHP-FLN01-03,Unsworn Oath (SJ-DC-PHP-FLN01-03),2,,Forgotten Realms,https://www.dmsguild.com/product/439154/Unsworn-Oath-SJDCPHPFLN0103?filters=0_0_100057_0_0_0_0_0"
"WBW-DC-AMQ-04,WBW-DC-AMQ-04 Brew me a favor,2,2,Forgotten Realms,https://www.dmsguild.com/product/402604/WBWDCAMQ04-Brew-me-a-favor?filters=0_0_100057_0_0_0_0_0"
"WBW-DC-ARCON-01,WBW-DC-ARCON-01 The Multivertshus,2,1,Forgotten Realms,https://www.dmsguild.com/product/400054/WBWDCARCON01-The-Multivertshus?filters=0_0_100057_0_0_0_0_0"
"WBW-DC-ARCON-02,WBW-DC-ARCON-02 Way of the Wedding,2,,Forgotten Realms,https://www.dmsguild.com/product/400098/WBWDCARCON02-Way-of-the-Wedding?filters=0_0_100057_0_0_0_0_0"
"WBW-DC-ARCON-03,WBW-DC-ARCON-03 A Forest of Memories,2,1,Forgotten Realms,https://www.dmsguild.com/product/400053/WBWDCARCON03-A-Forest-of-Memories?filters=0_0_100057_0_0_0_0_0"
"WBW-DC-ARCON-04,WBW-DC-ARCON-04 The Multivertshus II,2,1,Forgotten Realms,https://www.dmsguild.com/product/405358/WBWDCARCON04-The-Multivertshus-II?filters=0_0_100057_0_0_0_0_0"
"WBW-DC-CBB-08,WBW-DC-CBB-08 Paradise In  The Tidalbore Isles,2,,Forgotten Realms,https://www.dmsguild.com/product/408092/WBWDCCBB08-Paradise-In--The-Tidalbore-Isles?filters=0_0_100057_0_0_0_0_0"
"WBW-DC-CONMAR-04,WBW-DC-CONMAR-04 A pleasure cruise,2,2,Forgotten Realms,https://www.dmsguild.com/product/378998/WBWDCCONMAR04-A-pleasure-cruise?filters=0_0_100057_0_0_0_0_0"
"WBW-DC-CONMAR-05,WBW-DC-CONMAR-05 Death by Chocolate,2,2,Forgotten Realms,https://www.dmsguild.com/product/386931/WBWDCCONMAR05-Death-by-Chocolate?filters=0_0_100057_0_0_0_0_0"
"WBW-DC-CONMAR-09,WBW-DC-CONMAR-09 Sweet Dreams,2,1,Forgotten Realms,https://www.dmsguild.com/product/394307/WBWDCCONMAR09-Sweet-Dreams?filters=0_0_100057_0_0_0_0_0"
"WBW-DC-DCAF01,WBW-DC-DCAF01 Pixie Dreams,2,1,Forgotten Realms,https://www.dmsguild.com/product/375416/WBWDCDCAF01-Pixie-Dreams?filters=0_0_100057_0_0_0_0_0"
"WBW-DC-DCAF01B,WBW-DC-DCAF01B Barangay Bound,2,1,Forgotten Realms,https://www.dmsguild.com/product/391325/WBWDCDCAF01B-Barangay-Bound?filters=0_0_100057_0_0_0_0_0"
"WBW-DC-DCAF02,WBW-DC-DCAF02 Harengon Harana,2,1,Forgotten Realms,https://www.dmsguild.com/product/379979/WBWDCDCAF02-Harengon-Harana?filters=0_0_100057_0_0_0_0_0"
"WBW-DC-FEN-01,WBW-DC-FEN-01 Tiddy Mun and the Stranger Stone,2,1,Forgotten Realms,https://www.dmsguild.com/product/397975/WBWDCFEN01-Tiddy-Mun-and-the-Stranger-Stone?filters=0_0_100057_0_0_0_0_0"
"WBW-DC-FEN-03,WBW-DC-FEN-03 Tiddy Mun and the Legends of Fennebog,2,1,Forgotten Realms,https://www.dmsguild.com/product/407478/WBWDCFEN03-Tiddy-Mun-and-the-Legends-of-Fennebog?filters=0_0_100057_0_0_0_0_0"
"WBW-DC-HF-01,WBW-DC-HF-01 Freed of Feeling,2,1,Forgotten Realms,https://www.dmsguild.com/product/390605/WBWDCHF01-Freed-of-Feeling?filters=0_0_100057_0_0_0_0_0"
"WBW-DC-IDL-02,WBW-DC-IDL-02 Two For Flinching,2,2,Forgotten Realms,https://www.dmsguild.com/product/401019/WBWDCIDL02-Two-For-Flinching?filters=45470_0_0_0_0_0"
"WBW-DC-KCB-03,WBW-DC-KCB-03 In Vulnerability,2,2,Forgotten Realms,https://www.dmsguild.com/product/386389/WBWDCKCB03-In-Vulnerability?filters=0_0_100057_0_0_0_0_0"
"WBW-DC-MOM-02,WBW-DC-MOM-02 One Chance,2,2,Forgotten Realms,https://www.dmsguild.com/product/405701/WBWDCMOM02-One-Chance?filters=0_0_100057_0_0_0_0_0"
"WBW-DC-NUKE-01,WBW-DC-NUKE-01 \"Magically Delicious, Possibly Rotten\",2,,Forgotten Realms,https://www.dmsguild.com/product/408285/WBWDCNUKE01-Magically-Delicious-Possibly-Rotten?filters=0_0_100057_0_0_0_0_0"
"WBW-DC-PHP-HOE-01,WBW-DC-PHP-HOE-01 The Mill of Mar-Itez,2,1,Forgotten Realms,https://www.dmsguild.com/product/408554/WBWDCPHPHOE01-The-Mill-of-MarItez?filters=0_0_100057_0_0_0_0_0"
"WBW-DC-PHP-LCL,WBW-DC-PHP-LCL 01: A Cure for Freedom,2,2,Forgotten Realms,https://www.dmsguild.com/product/405745/WBWDCPHPLCL-01-A-Cure-for-Freedom?filters=0_0_100057_0_0_0_0_0"
"WBW-DC-PHP-TCOM2-,WBW-DC-PHP-TCOM2: Of Toadstools and Tribulations,2,1,Forgotten Realms,https://www.dmsguild.com/product/406239/WBWDCPHPTCOM2-Of-Toadstools-and-Tribulations?filters=0_0_100057_0_0_0_0_0"
"WBW-DC-TRI-01,WBW-DC-TRI-01 Strike a Pose,2,1,Forgotten Realms,https://www.dmsguild.com/product/380172/WBWDCTRI01-Strike-a-Pose?filters=0_0_100057_0_0_0_0_0"
"WBW-DC-TRI-02,WBW-DC-TRI-02 Nothing Ventured,2,1,Forgotten Realms,https://www.dmsguild.com/product/380175/WBWDCTRI02-Nothing-Ventured?filters=0_0_100057_0_0_0_0_0"
"WBW-DC-VACONS-01,WBW-DC-VACONS-01 Welcome to Fablerise,2,1,Forgotten Realms,https://www.dmsguild.com/product/394544/WBWDCVACONS01-Welcome-to-Fablerise?filters=0_0_100057_0_0_0_0_0"
"WBW-DC-ZODIAC-00,WBW-DC-ZODIAC-00 Luna Park,2,1,Forgotten Realms,https://www.dmsguild.com/product/382130/WBWDCZODIAC00-Luna-Park?filters=0_0_100057_0_0_0_0_0"
"WBW-DC-ZODIAC-07,WBW-DC-ZODIAC-07 A Fey At The Races,2,2,Forgotten Realms,https://www.dmsguild.com/product/401770/WBWDCZODIAC07-A-Fey-At-The-Races?filters=0_0_100057_0_0_0_0_0"
"DC-POA-PND-2,What Skitters Beneath? (DC-POA-PND-2),2,1,Forgotten Realms,https://www.dmsguild.com/product/369329/What-Skitters-Beneath-DCPOAPND2?filters=0_0_100057_0_0_0_0_0"
"DC-POA-PND-5,What Stalks the Night? (DC-POA-PND-5),2,2,Forgotten Realms,https://www.dmsguild.com/product/369349/What-Stalks-the-Night-DCPOAPND5?filters=0_0_100057_0_0_0_0_0"
"FR-DC-TKM-WW,What's Within (FR-DC-TKM-WW),2,2,Forgotten Realms,https://www.dmsguild.com/product/492836/Whats-Within-FRDCTKMWW?filters=0_0_100057_0_0_0_0_0"
"WBW-DC-WRT-00,Writer's Block (WBW-DC-WRT-00),2,2,Forgotten Realms,https://www.dmsguild.com/product/407835/Writers-Block-WBWDCWRT00?filters=45470_0_0_0_0_0"
